{
  "prefix": "n!",
  "red": "#ff3320",
  "green": "#00c646",
  "blue": "#3498db",
  "purple_dark": "#6a006a",
  "purple_medium": "#a958a5",
  "purple_light": "#c481fb",
  "orange": "#ffa500",
  "gold": "#daa520",
  "red_dark": "#8e2430",
  "red_light": "#f94343",
  "blue_dark": "#3b5998",
  "cyan": "#5780cd",
  "aqua": "#33a1ee",
  "pink": "#ff9dbb",
  "green_dark": "#2ac075",
  "green_light": "#a1ee33",
  "white": "#f9f9f6",
  "cream": "#ffdab9",
  "version": "0.1.7b",
  "owner": "PritePasZ#3071"
}
